PatientID,Email,MobileNumber,RelationshipToPatient
1,sarmakabir@example.com,+918570261910,Sibling
2,hansh70@example.net,+918316733860,Friend
3,tdeol@example.org,+918268118627,Sibling
4,jmallick@example.com,+913575721729,Other
5,advikasuresh@example.org,+918958261505,Other
6,pgade@example.net,+912199421324,Spouse
7,fdua@example.net,+917686747078,Spouse
8,prerakdutta@example.com,+913560724902,Parent
9,adira91@example.com,+910835784823,Friend
10,arnavsheth@example.org,+912234197043,Other
11,manetarini@example.org,+919558919564,Spouse
12,shanayaraval@example.net,+913328089811,Sibling
13,amira11@example.net,+917792209004,Friend
14,takkaira@example.net,+915649616341,Parent
15,lavanyadoshi@example.net,+912993998773,Spouse
16,kchad@example.com,+915770787113,Sibling
17,aarnadora@example.net,+912188434615,Sibling
18,agateanya@example.org,+915203938614,Other
19,irakarpe@example.net,+918720190451,Other
20,sana60@example.net,+911679707208,Sibling
21,elakshi24@example.org,+917797428076,Parent
22,aliachokshi@example.com,+913548229231,Spouse
23,sahil15@example.com,+918517889548,Spouse
24,navya25@example.org,+918498814348,Parent
25,mannatdhaliwal@example.org,+912460555179,Sibling
26,rchaudhari@example.com,+918254434637,Parent
27,ikamdar@example.net,+910134174149,Friend
28,suhana82@example.net,+911431054147,Sibling
29,vaibhavchaudhari@example.net,+919013680857,Friend
30,rameshabram@example.com,+913368169744,Parent
31,sumer42@example.net,+917768595591,Sibling
32,arnav94@example.com,+918280839042,Parent
33,zbehl@example.com,+915503746479,Other
34,bchadha@example.com,+914961933251,Spouse
35,khushi35@example.org,+916347639305,Spouse
36,sainisamiha@example.com,+916680606897,Parent
37,amanighosh@example.net,+913142069400,Sibling
38,aayushcomar@example.org,+916377125327,Sibling
39,anahi98@example.org,+910204345276,Friend
40,zshan@example.com,+911706894161,Friend
41,gadejayan@example.net,+910173395062,Sibling
42,hrishitasama@example.org,+917235054538,Friend
43,anyakothari@example.com,+918585162406,Friend
44,vihaan60@example.net,+912026389203,Sibling
45,battatrisha@example.net,+911250821657,Parent
46,zachariajivika@example.org,+910716192195,Parent
47,pzachariah@example.com,+918332401805,Parent
48,gangulyprisha@example.net,+913388374083,Sibling
49,purabmane@example.com,+913713776429,Spouse
50,ibalan@example.net,+919107320555,Sibling
51,fverma@example.com,+918770124254,Friend
52,ojas68@example.org,+916060540057,Sibling
53,ngandhi@example.org,+913076385233,Parent
54,borahprerak@example.com,+915536934967,Friend
55,sekhonishaan@example.org,+919205025635,Other
56,kartik26@example.com,+919811818653,Sibling
57,shlok72@example.org,+913233796104,Spouse
58,borahnitya@example.org,+916324571196,Other
59,choudhryyuvraj@example.net,+915139731371,Friend
60,vaibhavswamy@example.org,+914281629855,Spouse
61,ukumer@example.net,+911500872069,Spouse
62,eshani56@example.org,+918101049205,Parent
63,nityasoman@example.org,+911102013047,Friend
64,yroy@example.net,+914598991880,Parent
65,sakshamdevan@example.org,+912263356111,Sibling
66,chaudhariumang@example.com,+919189417502,Spouse
67,mallickmishti@example.org,+919595717779,Spouse
68,kavyawason@example.org,+910785559277,Parent
69,kavya94@example.net,+911419440743,Other
70,wdugal@example.net,+915588913583,Parent
71,ssha@example.com,+915716190895,Other
72,sarnachirag@example.com,+919586199237,Spouse
73,edwinishaan@example.com,+910517565252,Other
74,jrajagopal@example.org,+918610021973,Other
75,gatik29@example.org,+915814931671,Parent
76,svala@example.com,+910319442052,Friend
77,bkala@example.com,+910501886641,Friend
78,nitaraganguly@example.net,+917595472311,Other
79,avora@example.org,+913817183418,Sibling
80,divit87@example.org,+919714888253,Other
81,abanik@example.net,+914941459990,Parent
82,anikakaul@example.com,+910943131449,Other
83,cheriansamar@example.net,+919574131768,Parent
84,taimurtandon@example.com,+912311465755,Sibling
85,kartikbajwa@example.com,+911718825726,Other
86,amira68@example.com,+914280909963,Parent
87,derohan@example.org,+918435710618,Sibling
88,ikhanna@example.net,+913638832875,Spouse
89,tbanik@example.org,+910746386057,Friend
90,anayaanand@example.com,+914324836185,Spouse
91,jainhunar@example.net,+916742050020,Friend
92,baiju70@example.com,+917847907951,Sibling
93,ochandran@example.net,+914448326213,Friend
94,lrama@example.com,+912305360382,Spouse
95,bchadha@example.org,+913938281380,Other
96,diya09@example.org,+910468171406,Friend
97,vivaan61@example.org,+914494091503,Spouse
98,eshanilad@example.org,+916611884415,Other
99,nityavasa@example.net,+910116075916,Friend
100,anandnirvaan@example.net,+911852243541,Sibling
101,irege@example.org,+916670714964,Parent
102,tanejainaaya@example.com,+917880105149,Sibling
103,vsinghal@example.com,+914659079186,Sibling
104,lagansheth@example.org,+910634364467,Friend
105,vedikaraman@example.net,+917819775667,Parent
106,rmani@example.com,+918446019094,Friend
107,mbalay@example.net,+911458840213,Friend
108,hunarchowdhury@example.com,+912643692099,Other
109,bhavsarsamarth@example.com,+911680872437,Friend
110,rauriya@example.net,+913552653341,Sibling
111,aggarwalsamiha@example.org,+913017487306,Other
112,frajagopalan@example.net,+910269583207,Spouse
113,gram@example.com,+910873835918,Spouse
114,keerurvi@example.com,+919272136192,Parent
115,horabhavin@example.com,+916791278085,Other
116,kartikshere@example.com,+919531489469,Friend
117,gjohal@example.net,+912137725251,Other
118,raghavgole@example.net,+912948321425,Other
119,pari33@example.com,+919284352613,Parent
120,goswamivaibhav@example.com,+914393138056,Spouse
121,kbhatnagar@example.net,+919904586502,Other
122,zghosh@example.net,+916273443585,Other
123,muppal@example.com,+915974705089,Parent
124,cmander@example.com,+915170614617,Parent
125,klad@example.org,+911763117406,Friend
126,khanda@example.net,+912516288662,Parent
127,prishasaraf@example.com,+915812558981,Parent
128,zeeshan32@example.com,+910400138049,Parent
129,ysankar@example.com,+912893049041,Spouse
130,neelofar37@example.net,+910066138371,Friend
131,sethidivit@example.org,+912929422534,Sibling
132,gdash@example.net,+912954355969,Parent
133,faiyaz20@example.org,+918422931621,Sibling
134,kundaanahi@example.net,+919799399155,Friend
135,rvarty@example.net,+916086277317,Sibling
136,vaidyasamaira@example.com,+910967780385,Friend
137,sidhuivan@example.net,+919070403745,Other
138,ychanda@example.org,+916685833781,Sibling
139,hunar60@example.com,+910358607116,Sibling
140,tiya62@example.org,+915932098575,Friend
141,harianvi@example.com,+910096883151,Sibling
142,singhaltara@example.org,+915603157710,Sibling
143,arhaan54@example.net,+910798005182,Sibling
144,parinaaz34@example.net,+919372062291,Parent
145,lchandran@example.net,+917064766561,Other
146,aaravwarrior@example.net,+918042130901,Friend
147,kabirraval@example.net,+915882116680,Friend
148,kviswanathan@example.net,+911050246105,Sibling
149,sodhianahita@example.net,+912192084587,Other
150,nlalla@example.com,+917905506844,Parent
151,kartik73@example.net,+910264661301,Parent
152,andraadvika@example.org,+917041874362,Parent
153,balasubramaniankismat@example.org,+910837649502,Other
154,satheveer@example.com,+912942376242,Sibling
155,jayaramanmishti@example.org,+913853671682,Sibling
156,priyansh61@example.com,+911943417890,Friend
157,xbera@example.com,+919020690756,Parent
158,samar41@example.com,+910181759448,Friend
159,vaibhavgaba@example.net,+919291533455,Parent
160,gravi@example.org,+918250730426,Friend
161,venkateshoorja@example.com,+917965349406,Spouse
162,pari34@example.org,+913397495244,Friend
163,samihabatta@example.net,+911992401488,Friend
164,priyansh87@example.org,+913538717671,Spouse
165,bdeep@example.org,+915238749915,Parent
166,hegdekabir@example.net,+915448737118,Other
167,nishithkarnik@example.org,+911492009030,Friend
168,nshah@example.org,+913892026671,Spouse
169,qsekhon@example.com,+911589261665,Parent
170,shapiya@example.com,+916998167833,Other
171,dasishita@example.org,+911678143998,Sibling
172,dravel@example.net,+919269210501,Friend
173,suhana94@example.net,+917890406241,Friend
174,aarna64@example.net,+917097793280,Sibling
175,misha17@example.org,+916156965019,Spouse
176,zeeshanchoudhary@example.net,+916819357142,Parent
177,ikhatri@example.com,+919849248358,Spouse
178,odugal@example.com,+919764873484,Other
179,kganesh@example.com,+914368057249,Parent
180,sommyra@example.org,+917395298292,Friend
181,mohanlalwalia@example.com,+910790432736,Other
182,faiyaz49@example.net,+911127444205,Parent
183,kalitasiya@example.net,+911995566102,Spouse
184,zvarty@example.org,+910435871736,Parent
185,talwarmannat@example.org,+914264459075,Parent
186,samarverma@example.net,+912673684617,Friend
187,tbasu@example.net,+911792752654,Friend
188,gchoudhary@example.org,+915098882555,Spouse
189,vedika69@example.net,+916287984680,Sibling
190,shereyuvraj@example.org,+916295925916,Sibling
191,hridaan18@example.com,+912381648409,Sibling
192,hridaandutt@example.net,+912280841649,Spouse
193,yakshitdayal@example.net,+910762923592,Parent
194,ibhagat@example.com,+915628412373,Parent
195,handakhushi@example.org,+912072796246,Other
196,anahitababu@example.org,+911868666628,Sibling
197,fraj@example.com,+914415264009,Spouse
198,nirvi67@example.net,+916136028526,Parent
199,kalaarnav@example.org,+913072093660,Sibling
200,chakrabartinishith@example.com,+910160846492,Friend
201,badalchaudry@example.com,+914869998029,Other
202,zoya37@example.org,+915173873258,Parent
203,uaurora@example.net,+913865166645,Friend
204,bthaman@example.net,+912027985881,Other
205,uchana@example.net,+910154222232,Other
206,nsem@example.com,+910825908603,Spouse
207,kumerrenee@example.net,+916852352078,Friend
208,nayantara21@example.org,+919184069668,Parent
209,gshetty@example.com,+911545630367,Other
210,prisha70@example.net,+910640093901,Friend
211,nchanda@example.net,+918906947371,Friend
212,ojasgandhi@example.org,+917263505589,Friend
213,prerak80@example.net,+918524750981,Other
214,trana@example.org,+912113875319,Other
215,cbhargava@example.net,+917613488292,Friend
216,elakshisule@example.org,+912899061424,Spouse
217,saanvirao@example.com,+910356514388,Friend
218,vritika93@example.net,+911920696871,Parent
219,armaanacharya@example.org,+918697470138,Parent
220,lallnayantara@example.org,+915134141787,Parent
221,mannat05@example.net,+919289747713,Other
222,samairabiswas@example.com,+918309941164,Spouse
223,bobaldivyansh@example.net,+911147846710,Spouse
224,kairakapur@example.com,+919670749986,Other
225,tariniiyer@example.org,+916019676900,Spouse
226,sachdevindranil@example.org,+910025129536,Spouse
227,shamikraj@example.com,+917707395464,Spouse
228,duttajhanvi@example.net,+914362955921,Friend
229,rajalakshit@example.com,+917319798258,Sibling
230,sumer64@example.com,+914981757129,Parent
231,hridaan68@example.org,+916151350032,Other
232,bbhargava@example.com,+918994211517,Friend
233,oraval@example.com,+913469886835,Spouse
234,nishithdoshi@example.com,+913787030000,Friend
235,divit39@example.com,+913122680387,Friend
236,nakulchakrabarti@example.org,+917743614396,Spouse
237,isawhney@example.net,+918908774839,Other
238,rania15@example.com,+916882232814,Sibling
239,goswamibaiju@example.org,+917495160672,Sibling
240,lkata@example.net,+913539963372,Spouse
241,lkarnik@example.net,+917077441959,Spouse
242,indranilyohannan@example.org,+915955112176,Parent
243,sharmabadal@example.net,+917802335303,Sibling
244,taimursuri@example.org,+915825234355,Sibling
245,chirag48@example.org,+914269177390,Parent
246,ebala@example.net,+912886025447,Sibling
247,jhalagan@example.org,+910326639328,Sibling
248,sumer82@example.org,+917122023345,Friend
249,miraanchandran@example.com,+916553489121,Spouse
250,misha59@example.com,+911982369925,Other
251,myra95@example.com,+919377981224,Spouse
252,renee85@example.net,+911082918579,Other
253,lavanya84@example.net,+915713406620,Sibling
254,cheemavedika@example.net,+918593870192,Spouse
255,lakshit35@example.net,+911252280322,Sibling
256,kumarnirvaan@example.com,+913861892207,Parent
257,mannatgoel@example.org,+918954925467,Parent
258,dsoni@example.com,+918740502084,Other
259,bobalanvi@example.net,+917867863249,Parent
260,sekhonanay@example.com,+915500720817,Spouse
261,anika28@example.org,+912117754239,Parent
262,jiyagokhale@example.com,+914774961197,Parent
263,sbose@example.net,+911606528808,Sibling
264,goswamikanav@example.org,+913016056740,Parent
265,vivaankadakia@example.org,+911300806084,Parent
266,chahalmohanlal@example.net,+913754106020,Friend
267,mishathakur@example.net,+912257655511,Friend
268,jivikadar@example.org,+916277314678,Parent
269,tailoryakshit@example.org,+914465014188,Sibling
270,laganbalasubramanian@example.net,+914180826479,Parent
271,hayerheer@example.org,+917093619187,Other
272,gsuresh@example.net,+910249148640,Other
273,ybrar@example.org,+917676857456,Sibling
274,shray13@example.net,+917223651334,Friend
275,issacfarhan@example.org,+919899324925,Friend
276,gokulsant@example.org,+911589325665,Friend
277,umangsharaf@example.org,+916826156893,Other
278,rohantrivedi@example.com,+918367870140,Parent
279,sara93@example.com,+912878040575,Other
280,dhaliwalsana@example.com,+914510213927,Sibling
281,nirvi35@example.com,+914798539853,Other
282,loyalanahi@example.net,+919755776474,Parent
283,inaaya-master@example.org,+914805077007,Sibling
284,deeputhkarsh@example.org,+913168300265,Friend
285,dhilloninaaya@example.org,+918858679264,Sibling
286,vihaanmann@example.org,+914294913617,Sibling
287,samiha06@example.net,+912289171869,Spouse
288,prishasubramaniam@example.net,+910080251396,Parent
289,eram@example.net,+917452932531,Friend
290,qsunder@example.net,+915598351104,Spouse
291,tthaman@example.org,+910447328588,Sibling
292,granganathan@example.com,+914944064425,Sibling
293,kahluwalia@example.org,+917795298518,Other
294,parinaaz93@example.net,+917428087800,Parent
295,kanav03@example.net,+917629277600,Parent
296,qchander@example.org,+912762605654,Friend
297,shalv14@example.com,+911170843513,Sibling
298,vihaanray@example.com,+919263559807,Parent
299,igulati@example.net,+919836163264,Other
300,settyvanya@example.org,+914136190865,Parent
301,raunavya@example.org,+914893903269,Friend
302,charvi54@example.com,+917329262288,Spouse
303,atara@example.com,+915098001258,Sibling
304,ydass@example.com,+914165966052,Other
305,samihabhatnagar@example.net,+915267898714,Spouse
306,rastogijiya@example.com,+910663339001,Sibling
307,hrishita80@example.net,+911250314752,Spouse
308,edeep@example.com,+918948585630,Other
309,tusharsood@example.com,+918542744663,Sibling
310,rajanmehul@example.com,+917491918217,Spouse
311,hazeltank@example.net,+914185245365,Spouse
312,oreddy@example.org,+918866204470,Spouse
313,mehul09@example.net,+914770442420,Parent
314,kartikchokshi@example.net,+915153853531,Sibling
315,anay24@example.org,+911335745251,Parent
316,tmane@example.com,+915901562664,Other
317,aarna96@example.com,+915835538623,Spouse
318,urege@example.net,+911098950329,Friend
319,deoeshani@example.org,+918967509481,Parent
320,xgupta@example.net,+919324573344,Sibling
321,sumerchaudhari@example.com,+915569294630,Parent
322,samarthsrinivas@example.org,+913321761978,Spouse
323,nsankar@example.com,+919574019565,Spouse
324,ishita84@example.net,+915561654785,Sibling
325,subramaniamsuhana@example.org,+912268284471,Sibling
326,ratiram@example.org,+914104191414,Spouse
327,mannatcherian@example.com,+910318148212,Other
328,adira48@example.net,+918465168488,Parent
329,ianand@example.net,+913678456122,Friend
330,fvarkey@example.org,+916735117053,Parent
331,pbhatti@example.com,+918027618470,Friend
332,sethsaanvi@example.com,+918043078862,Parent
333,mishtiahuja@example.org,+914595026204,Friend
334,devanmahika@example.net,+916334727872,Parent
335,garanavya@example.com,+912829267423,Parent
336,dhanuk07@example.org,+919825455921,Parent
337,miraan21@example.net,+919631103968,Sibling
338,shanayasankaran@example.org,+912916551936,Spouse
339,jayan11@example.net,+912846591499,Friend
340,shlokmangat@example.com,+915679247606,Parent
341,skrishna@example.net,+910424522835,Sibling
342,hridaangole@example.net,+911606550888,Friend
343,fmadan@example.com,+913872563059,Parent
344,aainavarughese@example.com,+916892256800,Friend
345,chandaprisha@example.com,+911395889364,Parent
346,ebrahmbhatt@example.net,+912327180349,Friend
347,waglerati@example.com,+910167312616,Parent
348,trishahayer@example.com,+911976184694,Sibling
349,suraalisha@example.com,+917018726069,Spouse
350,ranbirkari@example.com,+919650246488,Other
351,rrajan@example.net,+917799046739,Friend
352,ambleivan@example.net,+914209955628,Friend
353,fdoshi@example.com,+911757414518,Parent
354,samarvirk@example.org,+919669499486,Friend
355,saanvi13@example.org,+912070693946,Other
356,duttavaibhav@example.net,+916263942714,Sibling
357,wwarrior@example.net,+914014807662,Friend
358,obali@example.net,+916554515364,Sibling
359,gangulyrenee@example.org,+915144432093,Spouse
360,kabirdhingra@example.com,+915888514213,Sibling
361,khushi73@example.net,+910675276594,Spouse
362,anahitavaidya@example.com,+914477323412,Parent
363,vasapurab@example.com,+912607003969,Other
364,dhanukdhillon@example.com,+917752796636,Spouse
365,mishti99@example.net,+919236060805,Spouse
366,manejayesh@example.org,+912782612424,Spouse
367,gbhatia@example.org,+914621990026,Spouse
368,miraan84@example.net,+916035759357,Other
369,tarasaini@example.net,+917292799036,Sibling
370,qsawhney@example.com,+917308874265,Spouse
371,haritiya@example.net,+911741249035,Spouse
372,cganguly@example.org,+916527858736,Other
373,piya66@example.net,+914739588091,Sibling
374,kaira36@example.net,+911966973474,Parent
375,abramkeer@example.net,+916312754897,Friend
376,nakulchakrabarti@example.net,+911503962811,Sibling
377,kismat77@example.net,+919768894055,Friend
378,jloke@example.com,+914556252471,Friend
379,thakerlagan@example.com,+914616843251,Friend
380,seher66@example.com,+919674370780,Other
381,shalvsoni@example.com,+917599835554,Friend
382,aayushchoudhary@example.org,+919437387523,Sibling
383,sachdevrenee@example.com,+916616390679,Spouse
384,himmat28@example.org,+916027697555,Sibling
385,ira97@example.org,+914238653555,Spouse
386,shaan11@example.com,+919482302634,Parent
387,yakshitbadal@example.org,+915456915564,Other
388,jhakhushi@example.net,+913651828420,Sibling
389,khushidhawan@example.com,+916925337323,Friend
390,rohan84@example.net,+914510830906,Sibling
391,skota@example.org,+919227931452,Friend
392,ybains@example.com,+917139004241,Spouse
393,singhalsuhana@example.com,+914968405229,Spouse
394,whans@example.org,+917250978101,Sibling
395,chirag01@example.net,+913155034336,Other
396,dharmajan56@example.com,+916607080161,Spouse
397,drishyasinghal@example.org,+917922232254,Other
398,jkala@example.org,+914921722925,Friend
399,halderlakshay@example.net,+914277549262,Other
400,wsavant@example.com,+911346260884,Sibling
401,adah42@example.com,+916314971671,Sibling
402,ishitababu@example.com,+918919244492,Parent
403,bhavinwali@example.org,+915092168431,Friend
404,bhatianavya@example.com,+911636457591,Parent
405,doctoryuvraj@example.org,+913125093936,Friend
406,irazacharia@example.net,+914995815232,Other
407,ranbir06@example.net,+918414889355,Friend
408,adira66@example.com,+917791469808,Parent
409,wmand@example.net,+916760496162,Spouse
410,voraivana@example.net,+916490256165,Sibling
411,tariniwason@example.org,+913786111726,Sibling
412,okalla@example.org,+919114293286,Sibling
413,jayan09@example.net,+915513102641,Spouse
414,dassoorja@example.net,+912185022509,Other
415,lavanya74@example.net,+918427763196,Other
416,tatwal@example.com,+914725383403,Other
417,krish38@example.org,+917554398046,Other
418,andraadvik@example.org,+910877557906,Other
419,kartikdhillon@example.com,+910199882788,Friend
420,himmat95@example.org,+911693973453,Spouse
421,cdevan@example.org,+918539979035,Spouse
422,vohrarania@example.net,+910750388465,Friend
423,chiragrout@example.net,+917264008648,Other
424,akhanna@example.org,+912710378043,Other
425,bhasinzain@example.net,+912855799236,Friend
426,dharbaiju@example.net,+910928032537,Parent
427,shamikdash@example.com,+914257614596,Parent
428,kapadiamannat@example.org,+919336520670,Friend
429,shanayachoudhury@example.net,+913490490895,Friend
430,bbakshi@example.com,+912856585779,Other
431,tvala@example.net,+918946763289,Sibling
432,dhanushbadal@example.com,+916675634343,Parent
433,arhaansibal@example.net,+918584290106,Spouse
434,rbakshi@example.com,+918335241179,Spouse
435,jiya82@example.com,+917180125744,Spouse
436,biju70@example.net,+918958039079,Friend
437,krishdhruv@example.net,+913405159137,Friend
438,tarini07@example.net,+911239812094,Friend
439,seshadrihrishita@example.net,+913742281679,Parent
440,gmangat@example.net,+918335248743,Spouse
441,jiya00@example.net,+912760783893,Spouse
442,nbala@example.net,+919030072558,Parent
443,samarthratta@example.org,+914016611431,Sibling
444,galavaibhav@example.net,+917043966526,Spouse
445,ihalder@example.org,+914552065223,Parent
446,mahika71@example.com,+912838611963,Sibling
447,ogade@example.net,+913860181983,Other
448,samardara@example.com,+913923251057,Friend
449,stuvandeo@example.org,+917774410666,Other
450,clall@example.com,+919903220317,Other
451,mishti09@example.com,+912086872517,Parent
452,anayshere@example.org,+911119606352,Sibling
453,dhruv17@example.com,+915073315039,Friend
454,chandersahil@example.org,+916175523482,Friend
455,zeeshankanda@example.net,+912022813463,Other
456,jainahana@example.org,+919208804960,Spouse
457,nyadav@example.org,+913447368070,Sibling
458,gjoshi@example.org,+915308450926,Friend
459,kuruvilladevansh@example.com,+914028262328,Friend
460,hirankrish@example.com,+918368608137,Other
461,brau@example.net,+916322065114,Friend
462,vkata@example.net,+917213765002,Sibling
463,yramanathan@example.net,+910988306733,Sibling
464,prisha51@example.com,+917724934410,Friend
465,keyajha@example.org,+914587294101,Spouse
466,anya22@example.org,+916397584018,Friend
467,kavya80@example.net,+912135034327,Other
468,ldewan@example.org,+914862638266,Sibling
469,rattajivin@example.org,+916640334679,Friend
470,lavanyashanker@example.org,+919584494103,Friend
471,myra01@example.org,+919429763023,Parent
472,vmani@example.net,+913155509565,Spouse
473,aainaraman@example.net,+913840133524,Other
474,gsingh@example.net,+912542693425,Parent
475,uchandra@example.org,+919555118626,Parent
476,gokulwalla@example.org,+915206632198,Other
477,waliaayush@example.com,+917030408027,Sibling
478,nityaedwin@example.com,+911164560016,Spouse
479,sarkarhansh@example.org,+915256721640,Sibling
480,shamik01@example.net,+917965221483,Spouse
481,arnavhayer@example.com,+919013219971,Spouse
482,rashakulkarni@example.net,+913607506801,Spouse
483,vsaxena@example.com,+919008805429,Sibling
484,alia90@example.com,+911000775384,Other
485,sara61@example.org,+916005296756,Other
486,useth@example.org,+918446964509,Parent
487,xshanker@example.org,+914714229718,Friend
488,okakar@example.net,+912388624437,Friend
489,xmanne@example.com,+914106263093,Sibling
490,mbhatia@example.net,+912148320712,Other
491,zainbhattacharyya@example.com,+916965441375,Friend
492,chhabravanya@example.org,+911980265289,Other
493,neelofar88@example.net,+912354961343,Sibling
494,lbalakrishnan@example.org,+916011843648,Friend
495,ivantrivedi@example.org,+913387322892,Spouse
496,rasharam@example.net,+910123365947,Other
497,jdewan@example.net,+910558353041,Parent
498,gokul32@example.net,+917649214529,Other
499,choudhuryshray@example.net,+919309523432,Other
500,trishakrishnamurthy@example.com,+915343070821,Spouse
501,tjha@example.com,+919451113993,Sibling
502,darshit11@example.org,+919916827496,Parent
503,takjayan@example.org,+910806287794,Friend
504,sana00@example.net,+912051858478,Parent
505,shaan65@example.com,+910375406417,Sibling
506,kbir@example.com,+912838211352,Other
507,sararoy@example.com,+914786952039,Friend
508,raunakdhar@example.org,+912181542813,Spouse
509,sahotabhamini@example.org,+918691094155,Parent
510,dhanushchopra@example.com,+913838404441,Friend
511,kartikaurora@example.net,+919179095848,Friend
512,chanderanahita@example.org,+916446778443,Sibling
513,myrahans@example.com,+913065861831,Sibling
514,ikhosla@example.com,+914667616192,Other
515,sahotaraunak@example.com,+917920569438,Friend
516,samarthmand@example.org,+919815187147,Spouse
517,hridaanraj@example.org,+910226829272,Spouse
518,chadumang@example.net,+918465537389,Friend
519,reyansh38@example.org,+915168059673,Friend
520,rajuishita@example.com,+911881078696,Spouse
521,gdevan@example.net,+913245813238,Parent
522,esankar@example.net,+910243265187,Friend
523,comarreyansh@example.com,+917099257541,Friend
524,kabir37@example.org,+917877936794,Spouse
525,oorja48@example.org,+918973114173,Other
526,sinhamamooty@example.net,+914663557719,Friend
527,janishaan@example.org,+913226888848,Friend
528,shenoyheer@example.net,+910283632251,Parent
529,jganguly@example.org,+916560284310,Friend
530,mdhawan@example.org,+912419837502,Sibling
531,amira23@example.org,+916403613739,Sibling
532,onkar29@example.com,+912002662525,Other
533,kalitaivan@example.net,+917715492536,Spouse
534,samihasuresh@example.com,+919670942128,Other
535,gbose@example.org,+915609106966,Spouse
536,vlala@example.org,+918717520309,Friend
537,akarshsuresh@example.org,+911610869590,Spouse
538,ydas@example.com,+918695502605,Other
539,ojas45@example.com,+919819055490,Friend
540,lalmohanlal@example.org,+918176255471,Spouse
541,wmander@example.org,+912292937048,Friend
542,chiragdugar@example.org,+915696406584,Other
543,kanavbrahmbhatt@example.net,+913714280069,Sibling
544,samairabassi@example.org,+910159412637,Parent
545,gmani@example.com,+914009972804,Sibling
546,zainkhurana@example.org,+914179322964,Friend
547,charviraju@example.com,+912711056064,Sibling
548,ravalkiara@example.org,+917151561304,Other
549,oyogi@example.net,+916921829064,Friend
550,diyasahni@example.org,+916662972428,Other
551,fateh85@example.net,+915730255373,Spouse
552,shamikatwal@example.org,+918531808834,Friend
553,sehgaltrisha@example.com,+917041795592,Parent
554,chandrantiya@example.com,+913861310689,Sibling
555,draman@example.com,+910434465371,Parent
556,adahbehl@example.net,+913658227599,Parent
557,ytak@example.net,+910873456177,Friend
558,aryaonkar@example.com,+911893622325,Sibling
559,ovora@example.org,+912161455606,Other
560,tsidhu@example.org,+918964126146,Sibling
561,aboase@example.com,+913537334577,Other
562,veerkuruvilla@example.com,+910567790525,Spouse
563,wkarpe@example.org,+918454817084,Other
564,mammenumang@example.net,+917746788236,Other
565,mamootydave@example.net,+913824683296,Parent
566,neelofar78@example.net,+917343547400,Friend
567,rattantaimur@example.org,+915005557967,Other
568,xbir@example.org,+918771045325,Parent
569,guptatara@example.net,+918220939005,Parent
570,nsama@example.net,+911411033952,Friend
571,uchar@example.net,+915724305774,Parent
572,jhanvi88@example.org,+916304224430,Friend
573,mamooty34@example.com,+918664283293,Spouse
574,osalvi@example.org,+918819893528,Friend
575,mishti29@example.org,+911042049929,Friend
576,stuvanchokshi@example.org,+918243131280,Sibling
577,sharafakarsh@example.net,+911653203838,Other
578,tandonlakshay@example.com,+917712328045,Other
579,cvala@example.com,+910814810140,Parent
580,baradtejas@example.net,+911364487654,Spouse
581,bhatiakartik@example.org,+910127595013,Other
582,shanaya65@example.org,+911128167896,Parent
583,mishalal@example.com,+911104157292,Spouse
584,khatrikavya@example.org,+911879365413,Other
585,zaraamble@example.net,+918516266692,Parent
586,asawhney@example.com,+911786036657,Spouse
587,gkulkarni@example.com,+916317453300,Friend
588,rajvihaan@example.net,+911044751109,Other
589,rvarty@example.com,+911330078490,Parent
590,saranyakshit@example.net,+919708002777,Spouse
591,godasumer@example.org,+918682065573,Other
592,varmabaiju@example.net,+910893677828,Sibling
593,ishaan72@example.com,+911492245760,Friend
594,elakshi96@example.net,+916136371933,Sibling
595,seher69@example.net,+910003438902,Other
596,chaudhryrohan@example.net,+912100772254,Friend
597,kaulalia@example.org,+915246199702,Parent
598,mzachariah@example.net,+919365001462,Friend
599,xvohra@example.org,+913812570546,Parent
600,jayantak@example.com,+910658087828,Other
601,indranilgoswami@example.com,+917373387227,Spouse
602,kismatkaran@example.com,+915453302571,Other
603,ojaschaudry@example.com,+919081300272,Other
604,shlok58@example.org,+915774948604,Other
605,advikachaudhry@example.org,+919238796837,Friend
606,singhaldiya@example.com,+910602575357,Parent
607,gsampath@example.org,+918889301707,Friend
608,sheremahika@example.com,+910836684752,Friend
609,azad58@example.org,+913832659517,Friend
610,thakurvanya@example.net,+919428266485,Other
611,sureshdamini@example.org,+915856393288,Friend
612,vbhattacharyya@example.net,+916903960087,Other
613,xbassi@example.net,+914750325818,Spouse
614,karatanya@example.net,+911506882505,Parent
615,hiranwadhwa@example.org,+916962182995,Spouse
616,amani37@example.net,+919274875569,Other
617,wagleindrajit@example.org,+919789922309,Other
618,ntella@example.com,+918399405608,Sibling
619,dassshanaya@example.com,+917452407711,Sibling
620,kashyapehsaan@example.net,+911225642054,Sibling
621,issacreyansh@example.com,+915671715349,Parent
622,mannat12@example.org,+912719316583,Friend
623,sachdevakrish@example.net,+915426675165,Friend
624,subramaniankimaya@example.com,+913301047930,Spouse
625,hrishita88@example.com,+914222332192,Friend
626,madhupgoyal@example.net,+919876281344,Parent
627,hrishitabera@example.com,+913252840986,Sibling
628,hrishita02@example.org,+915556877895,Sibling
629,seshadrikaira@example.net,+914858198928,Friend
630,chanderzeeshan@example.com,+912034464233,Parent
631,charvi93@example.com,+913901902583,Parent
632,prama@example.net,+913908762006,Other
633,gillnakul@example.net,+914866810321,Friend
634,lavanya69@example.com,+912721624694,Parent
635,mahika60@example.com,+913839681530,Sibling
636,samihabadami@example.org,+912974665053,Other
637,saanvishenoy@example.net,+917001312337,Friend
638,miraan81@example.com,+912000085157,Friend
639,ehsaanbora@example.net,+916034690872,Other
640,buchbaiju@example.com,+915004973246,Parent
641,sarrafyasmin@example.org,+912484164337,Friend
642,zaina11@example.net,+913560885176,Spouse
643,sinhaira@example.org,+911077778708,Other
644,ladmanikya@example.net,+917066277717,Sibling
645,bmane@example.org,+910276116751,Sibling
646,miraan58@example.org,+918122830367,Parent
647,virkindrans@example.com,+919790239723,Friend
648,stuvan98@example.org,+919029443638,Sibling
649,dubeymadhup@example.com,+913547395130,Parent
650,lavanyakant@example.com,+919632571664,Sibling
651,vanya27@example.net,+918962040655,Sibling
652,dhanuk63@example.com,+913553493551,Friend
653,sahil08@example.org,+913495479317,Parent
654,bhallaurvi@example.org,+916509374411,Spouse
655,osoni@example.com,+916489734425,Spouse
656,awable@example.com,+913940509032,Parent
657,navya02@example.org,+911928240944,Parent
658,nsheth@example.com,+911529231408,Other
659,lsood@example.org,+916980490505,Spouse
660,annenirvi@example.org,+919274973096,Other
661,ybhattacharyya@example.org,+911894760672,Parent
662,sahilchaudhary@example.net,+917396327681,Sibling
663,kamdarparinaaz@example.net,+911431343897,Spouse
664,ykala@example.net,+915312308202,Spouse
665,parinaazdada@example.com,+917131130021,Other
666,trisha70@example.com,+910538370583,Sibling
667,shaanviswanathan@example.com,+912693611149,Sibling
668,suhana29@example.com,+919891564913,Spouse
669,ttrivedi@example.net,+918403674459,Spouse
670,annepriyansh@example.net,+918802307439,Parent
671,kashvi86@example.net,+917157244322,Sibling
672,akade@example.org,+914986069259,Friend
673,shaan87@example.com,+913529540671,Sibling
674,dewandhanush@example.org,+916548070033,Other
675,zain46@example.com,+916411168364,Friend
676,keeryakshit@example.com,+917954576451,Parent
677,kashvikale@example.com,+914408753165,Sibling
678,tanya24@example.org,+917768649264,Parent
679,vdar@example.org,+915345813330,Sibling
680,devansh51@example.net,+913339184241,Spouse
681,hayerjiya@example.net,+914963752848,Sibling
682,mannat93@example.net,+911185111172,Friend
683,iwadhwa@example.net,+916444892258,Sibling
684,aarav74@example.org,+911717176879,Spouse
685,ishankar@example.com,+910076134455,Friend
686,alisharao@example.org,+916677650019,Friend
687,aarnabarman@example.com,+915305687025,Friend
688,ela50@example.net,+911186141819,Spouse
689,dharrania@example.net,+910098576865,Parent
690,jsha@example.net,+916730155836,Other
691,pihu69@example.org,+912895528180,Spouse
692,zachariamadhav@example.net,+912703739689,Spouse
693,elaagarwal@example.org,+913155138165,Other
694,ryansinha@example.com,+911007603069,Spouse
695,manidamini@example.org,+918862695242,Friend
696,etata@example.com,+911967259373,Spouse
697,jkonda@example.com,+917222869755,Friend
698,benkimaya@example.com,+914676088790,Sibling
699,fcherian@example.org,+918851600687,Sibling
700,chandaanahita@example.com,+917148528746,Spouse
701,tanyakala@example.com,+915724377650,Parent
702,kiara73@example.org,+911779281715,Spouse
703,raviabram@example.com,+911840074527,Other
704,parikadakia@example.org,+913025460993,Friend
705,jbhakta@example.org,+910652028955,Other
706,evawarrior@example.org,+916336352466,Other
707,cvasa@example.com,+917710818295,Sibling
708,jiya35@example.net,+912435889156,Spouse
709,aniruddh69@example.com,+919183431646,Spouse
710,inaaya-46@example.net,+912511158871,Parent
711,ratisani@example.org,+913995606576,Sibling
712,borahriya@example.net,+917970458258,Parent
713,ukannan@example.net,+913648002236,Sibling
714,dhanukcherian@example.com,+917230077960,Friend
715,ganeshreyansh@example.com,+912855298150,Other
716,katapurab@example.org,+914405998310,Parent
717,jayanroy@example.org,+918662186350,Friend
718,jayant97@example.org,+918682387563,Sibling
719,dhanuk06@example.com,+916868408935,Parent
720,chiraghora@example.net,+916117020889,Parent
721,qswamy@example.com,+915363138751,Spouse
722,taimurmanda@example.net,+917674642592,Parent
723,jayesh17@example.net,+914507903214,Parent
724,akala@example.org,+911778734430,Friend
725,karnikdevansh@example.com,+913733087345,Friend
726,uvasa@example.com,+910713978017,Spouse
727,aaina48@example.org,+913436791284,Spouse
728,magaradah@example.org,+916355941827,Parent
729,msibal@example.com,+919263679020,Sibling
730,darshit12@example.net,+916312578472,Sibling
731,rashasahni@example.org,+918243896617,Friend
732,kavya23@example.net,+914793310803,Parent
733,qray@example.com,+913549789392,Other
734,khuranatrisha@example.org,+910545333569,Other
735,aissac@example.org,+917771359311,Sibling
736,gerafateh@example.com,+918163464410,Other
737,ndeep@example.com,+916835758468,Parent
738,shanayaarora@example.com,+915303917764,Parent
739,somanjivin@example.net,+916572591394,Friend
740,lagandevan@example.com,+915092784286,Parent
741,lallakashvi@example.com,+918421878827,Friend
742,samraakarsh@example.com,+910134260520,Friend
743,dhanuk35@example.net,+910956027706,Spouse
744,ayeshagera@example.com,+913005676843,Friend
745,adira33@example.org,+919941049536,Friend
746,zainsankaran@example.org,+915651797500,Other
747,reyanshgour@example.org,+917550525133,Parent
748,tsoman@example.org,+918076917940,Sibling
749,karpemanikya@example.org,+915973393718,Parent
750,zvenkatesh@example.com,+910194164790,Friend
751,gillmannat@example.org,+911432636486,Parent
752,aaryahichandran@example.com,+919534214042,Friend
753,shasamarth@example.net,+911704964768,Other
754,deshpandebhavin@example.net,+915006751319,Parent
755,nityawali@example.org,+913214508399,Parent
756,drishyadasgupta@example.org,+910101843685,Spouse
757,mangatira@example.net,+918319430389,Other
758,anay01@example.org,+913573787767,Friend
759,ayesha06@example.com,+917161259492,Other
760,canand@example.com,+913033942087,Sibling
761,ehsaanmannan@example.org,+911390068811,Spouse
762,reneesood@example.net,+910495306821,Parent
763,sarnaelakshi@example.com,+917125243343,Other
764,yuvaanchoudhry@example.com,+910356713595,Parent
765,vaibhavvaidya@example.com,+916150570457,Spouse
766,hbains@example.com,+911318703315,Spouse
767,neelofar44@example.com,+915463530223,Parent
768,gjoshi@example.net,+915527816273,Sibling
769,sonibhavin@example.net,+913015346844,Parent
770,varughesejiya@example.net,+910208224292,Sibling
771,pbalakrishnan@example.com,+914633144784,Other
772,nirvibhasin@example.net,+917250441689,Parent
773,ladonkar@example.net,+918288569542,Spouse
774,kchand@example.net,+910882031994,Spouse
775,aaina08@example.net,+919792632794,Sibling
776,hridaan69@example.org,+914307261723,Other
777,udey@example.net,+916107245187,Other
778,cbhatnagar@example.org,+912476403695,Spouse
779,faiyazmander@example.org,+918616415555,Sibling
780,hdate@example.net,+917062761184,Other
781,azad41@example.net,+913213679061,Spouse
782,sarnakabir@example.com,+917715088940,Friend
783,bumbmadhup@example.org,+914555406748,Friend
784,indranildas@example.com,+919526451989,Other
785,jivindugar@example.com,+917294266651,Spouse
786,pvyas@example.com,+915893938388,Parent
787,zreddy@example.org,+914271955300,Sibling
788,mallemir@example.com,+914034047652,Parent
789,dhanushray@example.org,+910388151295,Parent
790,chandrantiya@example.org,+918560187761,Sibling
791,cbhasin@example.com,+917584826619,Sibling
792,nehmat30@example.com,+911518219659,Other
793,nbava@example.org,+913449687366,Friend
794,ayeshasachdeva@example.org,+918883583201,Other
795,ramaswamytushar@example.org,+919787176224,Other
796,kanavtripathi@example.com,+910427989292,Parent
797,dsaini@example.org,+917473362637,Friend
798,chaudharyaarush@example.net,+915139193616,Sibling
799,ddash@example.net,+915198450039,Other
800,tailoruthkarsh@example.net,+915545904496,Parent
801,yasmin70@example.com,+910612895105,Spouse
802,hazelghose@example.net,+917558204936,Friend
803,ivan05@example.com,+919237557899,Other
804,sairababu@example.org,+916014942084,Other
805,jivingera@example.com,+915687236046,Parent
806,tratti@example.com,+912718659039,Parent
807,tarandixit@example.org,+910781090641,Other
808,hayervihaan@example.com,+910970913666,Spouse
809,xdoctor@example.net,+910739783648,Spouse
810,pihuguha@example.com,+916072406145,Parent
811,samipriyansh@example.com,+915174294744,Sibling
812,varkeyemir@example.org,+916784463396,Other
813,isibal@example.org,+913548679815,Other
814,kismatvyas@example.net,+911523760554,Friend
815,dsen@example.net,+912058801643,Friend
816,zeeshan99@example.com,+913569236309,Sibling
817,dshankar@example.com,+916594353981,Spouse
818,manesamarth@example.net,+912474042150,Friend
819,agatejivika@example.net,+912094513138,Friend
820,karishray@example.net,+917704804092,Other
821,babukiara@example.org,+913396742423,Parent
822,zaradani@example.org,+910575939018,Sibling
823,yashvibatra@example.net,+916882832829,Spouse
824,adah31@example.net,+916632606685,Parent
825,lavanyakoshy@example.com,+919150337455,Other
826,kiaan14@example.com,+915207998917,Spouse
827,divyansh51@example.org,+911227271138,Parent
828,tgopal@example.net,+914576013531,Other
829,bedimadhav@example.com,+916396996225,Other
830,hunardash@example.com,+915578785607,Parent
831,cherianbiju@example.net,+912214755187,Sibling
832,ehsaandua@example.org,+915260456031,Parent
833,seher62@example.net,+910741863433,Parent
834,zkohli@example.org,+911393923002,Friend
835,wkant@example.org,+911847936773,Other
836,olad@example.com,+912230396368,Friend
837,sgarg@example.net,+918644725347,Sibling
838,rkrishnan@example.org,+913848881319,Sibling
839,ranbirvarghese@example.com,+912746281569,Spouse
840,wwalia@example.org,+919727443909,Parent
841,psahota@example.net,+916532550862,Sibling
842,gkant@example.org,+918310285467,Spouse
843,xdyal@example.org,+917834914498,Parent
844,suhana43@example.org,+918441262467,Other
845,oviswanathan@example.com,+911587237433,Friend
846,badalbhavsar@example.com,+914526156014,Spouse
847,kadakiasiya@example.com,+910259866039,Parent
848,xrastogi@example.org,+910071987694,Parent
849,butalasamaira@example.com,+911477942844,Sibling
850,ivanaborah@example.org,+915345152707,Other
851,dhaliwalshlok@example.net,+916269257920,Parent
852,kohliheer@example.org,+914989619723,Spouse
853,kalakismat@example.net,+918788588101,Parent
854,mdutt@example.com,+910499247171,Other
855,lavanya68@example.org,+919921082346,Sibling
856,adirakannan@example.com,+916012858787,Parent
857,ahujasiya@example.com,+916459335800,Sibling
858,vanyabatra@example.net,+910760376378,Other
859,purabkrishnamurthy@example.com,+911100908418,Spouse
860,mehul63@example.org,+919784986806,Spouse
861,gollaaaryahi@example.org,+910859053087,Parent
862,sibalshaan@example.net,+916373549260,Spouse
863,urvi61@example.org,+917444053966,Spouse
864,kimaya86@example.org,+911867515682,Spouse
865,balakrishnanbiju@example.com,+918198831545,Spouse
866,thakuranahi@example.com,+910481791743,Other
867,prisha42@example.net,+918400507283,Other
868,divyansh04@example.com,+914451225360,Sibling
869,thamandamini@example.org,+911900220708,Other
870,esampath@example.net,+912437890886,Friend
871,miraan01@example.com,+918788419259,Sibling
872,samaira36@example.net,+911415637628,Parent
873,nirvaan44@example.net,+918295504052,Friend
874,sundaramrohan@example.org,+914717909253,Parent
875,tiwarisaira@example.org,+916143086228,Friend
876,dtak@example.com,+917981435161,Parent
877,ngill@example.org,+913071835933,Sibling
878,dharmajan28@example.org,+918451367755,Parent
879,vsankar@example.net,+911058716357,Parent
880,sastryshamik@example.net,+912959129073,Other
881,gadelakshay@example.org,+915777277388,Other
882,amanibehl@example.org,+911717391143,Parent
883,varugheseseher@example.net,+916897091907,Parent
884,eshani62@example.net,+917039787586,Sibling
885,rati56@example.com,+919695149552,Sibling
886,jtata@example.com,+911528546295,Sibling
887,nityasachdeva@example.com,+916336396884,Friend
888,ishitabasu@example.com,+913615762085,Spouse
889,kiaan00@example.net,+916571921394,Other
890,ishitatella@example.com,+919137075255,Spouse
891,vkrishnan@example.com,+912657297020,Friend
892,vanyajain@example.net,+912735546136,Other
893,neysa64@example.com,+915514604253,Parent
894,jhanvibehl@example.net,+911768631506,Spouse
895,kavya55@example.com,+914973954417,Parent
896,anahi76@example.net,+915514748095,Other
897,bsalvi@example.net,+915408762024,Sibling
898,akamdar@example.com,+915903007703,Sibling
899,xbhat@example.com,+913101992561,Sibling
900,lavanya52@example.net,+914968154890,Sibling
901,rati93@example.net,+918782603741,Spouse
902,zeeshan13@example.com,+917711885255,Parent
903,kabir74@example.com,+912951547447,Parent
904,darshitbabu@example.com,+911765360931,Sibling
905,kiaanbassi@example.org,+914927558765,Friend
906,annedivit@example.org,+911424333104,Friend
907,borrapranay@example.com,+914850390410,Sibling
908,cbhandari@example.org,+910392610275,Other
909,sethivardaniya@example.com,+910052859347,Other
910,anahitasood@example.org,+912701565704,Friend
911,dyadav@example.com,+915618690710,Sibling
912,jayanaurora@example.com,+918739260190,Parent
913,zchahal@example.com,+919318836151,Spouse
914,amanisidhu@example.org,+910230837705,Parent
915,jtrivedi@example.org,+914782425595,Sibling
916,vohravaibhav@example.net,+912719679315,Spouse
917,rbuch@example.net,+910493491404,Friend
918,aayushsule@example.net,+915086709124,Parent
919,cvenkataraman@example.org,+912366387533,Sibling
920,reneesankar@example.net,+918547445201,Friend
921,faiyazsundaram@example.com,+918874040789,Other
922,tripathirenee@example.org,+917177454325,Friend
923,ekrishnamurthy@example.net,+917023291431,Spouse
924,aamble@example.net,+914259459093,Spouse
925,nakulchopra@example.net,+910694431160,Sibling
926,tvora@example.com,+917067709030,Sibling
927,riyachand@example.org,+915438916980,Other
928,ddugal@example.org,+913684093053,Spouse
929,piya49@example.org,+911110745405,Parent
930,kbassi@example.com,+919087570757,Spouse
931,hram@example.org,+918973230977,Parent
932,navya10@example.com,+918940381414,Spouse
933,priyansh22@example.com,+916720070919,Sibling
934,emirkhurana@example.com,+919776760197,Spouse
935,aryafaiyaz@example.com,+917613864168,Other
936,nityaramaswamy@example.net,+912134231858,Sibling
937,thakkarsiya@example.com,+915923631401,Parent
938,tguha@example.com,+912058403969,Friend
939,anahiraman@example.org,+912181295982,Parent
940,tejasganguly@example.net,+910382545586,Friend
941,pvasa@example.org,+913245914790,Other
942,dharmajan20@example.org,+916626615055,Parent
943,tanejarati@example.org,+919871637682,Sibling
944,tara62@example.com,+910172101682,Parent
945,rohanmangal@example.net,+914554856873,Sibling
946,khushi19@example.com,+914292349052,Sibling
947,ebedi@example.com,+916368111161,Friend
948,krish81@example.org,+918770156296,Friend
949,dharira@example.net,+913990633205,Parent
950,ryaniyengar@example.net,+916698827286,Spouse
951,xkalita@example.com,+917589723575,Other
952,zkonda@example.org,+916637337073,Other
953,gchada@example.net,+918366402851,Spouse
954,ishitabajwa@example.net,+917072933272,Spouse
955,cbir@example.org,+918755864775,Sibling
956,tushar46@example.org,+916644694067,Sibling
957,zara57@example.org,+910733179620,Spouse
958,onkarchaudhari@example.com,+912646374351,Parent
959,nkeer@example.net,+917343753335,Sibling
960,venkataramankavya@example.com,+917248385957,Spouse
961,daratejas@example.net,+919184506231,Sibling
962,bandidarshit@example.com,+917449073013,Friend
963,srivastavayakshit@example.org,+910956782075,Other
964,saanvitara@example.net,+918699976071,Parent
965,hraman@example.com,+918133625594,Parent
966,adutta@example.org,+917643088339,Sibling
967,lbassi@example.net,+913672715692,Other
968,babuprerak@example.net,+911168280901,Spouse
969,azadarya@example.com,+913022280958,Friend
970,kiaan25@example.net,+918826399315,Spouse
971,samihagarde@example.net,+911597869164,Friend
972,deviumang@example.net,+912458801264,Other
973,ishaan09@example.net,+912316930366,Other
974,qtank@example.org,+914823941346,Parent
975,hrishitachandra@example.org,+912785255923,Friend
976,devansh54@example.com,+917977612784,Friend
977,gatik27@example.com,+916556337871,Sibling
978,shalv09@example.com,+910468742078,Other
979,ayesha71@example.org,+915918853953,Sibling
980,anay10@example.com,+916504231737,Spouse
981,buchmohanlal@example.com,+914351073413,Sibling
982,krish97@example.net,+912709470426,Other
983,dhanuk65@example.org,+916777759723,Sibling
984,baleshani@example.com,+912983099400,Sibling
985,gshan@example.com,+913741544100,Spouse
986,bhandaritaimur@example.net,+912689379521,Parent
987,vritikatiwari@example.com,+914059498985,Friend
988,shray67@example.net,+910712355939,Spouse
989,arnavchakrabarti@example.org,+910640584930,Spouse
990,tanya91@example.org,+915569152169,Friend
991,schaudhary@example.org,+914998678504,Parent
992,deneysa@example.net,+915799643014,Parent
993,okohli@example.com,+913927494484,Parent
994,vihaanvirk@example.net,+917964841793,Parent
995,shethbaiju@example.com,+912526815903,Parent
996,guhaprisha@example.com,+918414377860,Other
997,nayantaragill@example.com,+916024161291,Spouse
998,vivaankunda@example.com,+912883404316,Friend
999,sandalmannat@example.org,+917163143683,Friend
1000,zain43@example.com,+917961176763,Spouse
